Income,Expenditure,Age,Family_Size
1115.5,1316.3,20,2
2564.7,2135,22,3
2578.9,2122,22,3
487.3,672,19,3
487.3,672,17,3
3713.5,2355.3,20,3
3207,1422,21,3
1695.8,1172.7,17,4
8168.2,4095.2,23,5
8168.2,4095.2,20,5
2911.1,3068.5,22,6
2911.1,3068.5,21,6
2911.1,3068.5,15,6
2549.7,3187.2,19,3
3284.4,2150,21,4
2535.2,1444.5,21,3
1322.2,833.4,23,3
905.7,668.9,22,1
4178.5,3375.7,19,3
3418,2140.4,15,4
2450.8,1821.2,22,2
4722.3,3348.7,21,2
5166.9,5071.7,20,5
6021.8,3616.2,23,4
4204.5,3360.3,22,3
2552.4,2285.2,23,4
2552.4,2285.2,21,4
1376.4,1171.4,18,4
3058.8,2202.7,15,4
3328.2,1300.1,19,4
2117.6,1165.9,17,5
2117.6,1165.9,15,5
5136.3,3626.2,23,5
5136.3,3626.2,22,5
1855.1,1104,15,4
2788.5,1505.8,17,4
2788.5,1505.8,16,4
3493.9,3317.1,22,4
3493.9,3317.1,21,4
964.4,1030,22,1
2444.4,2246,20,3
1608.9,1408.1,16,3
2843.3,2613.8,16,4
1362.2,1781.8,22,4
1362.2,1781.8,18,4
5486.6,3140.4,21,3
11124.6,4964.1,20,4
766.2,272,16,3
1461.1,594,23,2
2955.4,2134,23,4
2955.4,2134,17,4
2784.3,2130.9,18,4
2048.5,1243,20,4
2048.5,1243,15,4
2694.8,2152.6,17,3
3423,2829.3,22,4
3423,2829.3,17,4
6326.4,3756.8,21,2
1427.5,959.9,20,3
4465.1,3178.9,22,3
5918.3,3682.3,22,4
3435.3,2994.9,22,3
4471.9,3873,21,5
2059.7,1222.5,23,4
2059.7,1222.5,15,4
3344.4,1832.8,19,3
3344.4,1832.8,18,3
2698.7,1553,17,5
2698.7,1553,15,5
1622.1,1221,15,3
1023.5,723,16,3
1378.8,639.2,17,4
1378.8,639.2,16,4
1310.3,509.7,17,3
4660.5,3828.9,17,4
4660.5,3828.9,16,4
1293.2,686.2,17,3
2157.4,4730,20,3
2653.2,2072.2,23,4
2653.2,2072.2,19,4
1036.4,506.2,18,2
634.5,1025.5,23,1
6022.5,3113.6,23,6
6022.5,3113.6,21,6
1549,1336.4,18,2
2755.3,2020.5,20,3
1367.7,1180.1,16,4
1367.7,1180.1,15,4
1819.9,1420.4,22,4
1819.9,1420.4,19,4
1372,389.5,20,5
996.8,234.4,19,5
996.8,234.4,17,5
996.8,234.4,15,5
2374.7,725.8,19,3
1734.8,418.5,18,4
1734.8,418.5,15,4
1492.2,700.5,21,3
2009.7,766.8,15,5
971.5,819.9,21,4
2081,1118.4,17,4
3008.7,2451,17,5
3008.7,2451,15,5
3977.9,4684.8,19,3
2053.2,1773.2,23,2
2362.1,2015.6,16,3
1791.2,1627.3,21,1
4203.1,4556.2,18,7
4203.1,4556.2,17,7
4203.1,4556.2,15,7
2832.6,2453.7,22,3
3399.3,2872,22,4
3399.3,2872,17,4
5006.3,4926.9,15,4
5006.3,4926.9,15,4
5798.5,4132.4,21,3
4441.2,2805.5,21,4
4441.2,2805.5,16,4
1705.1,1205.7,23,3
2362.2,1238.5,21,3
1312,1083.1,22,3
2014.5,1628.7,19,3
3407.5,2671.7,22,3
1158,1164.3,21,2
901.9,673.9,16,7
2576.4,2273,18,3
1686,1548.1,23,2
2411.9,1902.4,22,3
1196.2,957,15,3
1513.7,1100.5,22,2
1513.7,1100.5,21,2
4285.2,3414,23,4
2046.2,2274.4,18,3
5186.5,4479.5,16,5
1163.5,670.1,17,7
2250.9,1508.4,17,5
2250.9,1508.4,16,5
1432.2,1304.7,21,4
1432.2,1304.7,20,4
5304.7,3146.7,21,6
3530.6,2586.5,19,4
3822.2,1713.5,22,5
2021.8,1168.3,15,4
4080,4113.5,23,4
4080,4113.5,21,4
1417.6,1381,15,2
3067.2,3255.8,18,3
2864,2106.1,16,3
3513.3,3453.2,18,4
2283.5,2154.5,23,1
1001,748,19,1
2588.3,1977,17,3
2115.7,833.1,15,5
5339.3,3838,23,4
5339.3,3838,21,4
3243,2584,16,3
3204.9,2495,22,3
4362.3,3058,21,4
2827.8,1864,17,3
2197.8,2336.6,20,3
4776.2,3300.3,15,3
2312.9,2269.8,19,3
4252,3209,16,3
3236,2794,22,3
1034.4,722,20,1
4327.5,2610,23,3
6355.1,5402,15,5
2097.4,1676.4,15,3
3095.4,2598,23,3
1496,957.3,15,4
3388.1,2363,19,4
3388.1,2363,17,4
2647.7,2359,17,4
2471.5,2014.3,16,5
2216.9,1337,15,4
3248.6,2228,20,3
2362.9,1223.1,15,3
2324.3,1559,20,3
1711,1709,23,4
1346.7,1001.6,18,3
1911.1,1622.6,21,2
150,1873.5,19,3
4099.1,2502,23,5
4099.1,2502,20,5
4099.1,2502,18,5
2640.7,2246.1,21,5
1560.2,1317.9,20,4
2092,1582.7,17,4
2616.1,1713.4,17,3
1644,785.7,20,3
1356.1,706.6,19,3
1533.3,1480.4,16,3
4410.4,2984,21,4
4410.4,2984,19,4
1470.8,1267,17,4
1099.5,1114.3,23,5
1099.5,1114.3,22,5
1099.5,1114.3,20,5
1591.8,1292,22,3
1964.2,1125.8,20,3
10531.4,1827.6,23,4
10531.4,1827.6,21,4
864.2,662.7,20,5
864.2,662.7,22,5
864.2,662.7,15,5
1678.8,881.1,23,3
2186.7,1509.3,21,5
2186.7,1509.3,19,5
2691.7,1499.3,16,4
1435.1,1163.3,17,3
1847.2,1610.2,18,4
2309.9,1831.8,15,3
2506.2,2025.2,22,3
1650.5,1579.8,15,3
446.6,286.4,20,3
3687.8,2413.2,23,3
1673.2,1240.4,20,3
2784,2126.3,21,4
2208.1,1362.7,21,6
4861.6,2376,19,5
2885.1,1501.5,23,5
1214.1,3542.2,20,5
1214.1,3542.2,22,5
3497.1,2818.7,21,4
3497.1,2818.7,16,4
1812.7,1272.6,19,4
3050.3,2360.2,15,3
1554,1329.1,20,3
3586.7,2720.5,16,3
2909.3,2487.3,18,4
2996.2,2034.5,18,5
2996.2,2034.5,15,5
3138.1,2483,18,4
1219,964.2,21,4
1219,964.2,22,4
1963.1,1301.8,17,3
3251.3,2999.1,21,3
1386,1169.3,21,1
3911.9,2382.5,21,4
2780.6,1941.5,22,4
5736.7,6845.5,19,3
6514.3,4892.6,15,4
2064.3,1524,22,3
734.8,525.5,18,1
1318.2,746.7,17,4
1318.2,746.7,15,4
912.1,589.2,18,3
4360.1,2983.9,18,5
2997.7,1673.5,22,4
4272.6,1962.5,18,4
4272.6,1962.5,17,4
1176,796,18,4
1176,796,21,4
1458.3,957.7,16,4
1458.3,957.7,15,4
1717.9,1124,15,3
1793.5,1805.4,23,3
2370.7,2276.4,22,4
2370.7,2276.4,21,4
623.8,322.1,15,2
1826.2,1488,21,3
7349.3,6749,20,4
7349.3,6749,17,4
1157.5,866.6,20,3
1756.5,1352,19,3
3757.8,3172,15,3
3864.9,3772.4,23,3
3107.7,2697.8,20,3
1791.5,771,15,5
1002.5,631.5,23,5
1002.5,631.5,21,5
8291.1,3475.6,21,3
2224.9,1877.6,21,1
3095.5,3180.8,23,2
3095.5,3180.8,23,2
966.2,892,20,2
2501.7,1605.5,15,5
2420.1,1631.3,19,4
2420.1,1631.3,18,4
2865.7,1450.8,16,3
2112.5,418.8,17,5
2112.5,418.8,16,5
542.1,307.8,20,3
542.1,307.8,22,3
322.3,296.5,19,2
5038.5,4204,23,4
5038.5,4204,21,4
3882.6,3659.9,19,5
3882.6,3659.9,15,5
3809.7,3845,21,4
3962.6,3187.1,22,4
1312.9,1117.1,20,1
2595.5,2022.2,17,2
4291.3,3722,22,4
2969,2108,16,4
2130.1,1787,22,3
3051.3,1714.8,16,3
9311.4,3423,18,6
2508.9,2287.7,20,3
3104.4,2756,15,3
881.7,764,21,4
881.7,764,17,4
1936.3,1861.7,15,3
808.7,957.8,15,6
1897.2,1219.7,23,3
1245.6,748.1,18,4
2877.5,715.1,16,4
3193.3,1836.6,19,5
3193.3,1836.6,21,5
1277.2,1274.1,17,3
1553.2,1225.3,21,4
1890.5,578.5,18,5
1890.5,578.5,15,5
3158.6,2295.2,19,5
2846.4,3011.1,21,1
7950.7,7785.2,17,4
1973.3,1655.7,23,5
1973.3,1655.7,21,5
2445.1,2054,21,2
1179.1,867.5,20,1
3038.3,2073.6,23,3
2234.7,2744.9,22,4
2234.7,2744.9,21,4
1340.5,1582.9,17,5
1800.2,328.5,22,3
1800.2,328.5,18,3
8547.1,2773.3,22,4
8547.1,2773.3,20,4
1907.2,1765.9,16,9
1907.2,1765.9,16,9
3566.8,3122,18,3
7059.4,4625.5,23,4
1097.2,1036.9,21,3
1097.2,1036.9,23,3
1977,2058.8,23,3
492.6,401.6,22,3
1754.8,1220.5,18,4
1754.8,1220.5,16,4
585.2,422.5,20,1
4638.1,2933,17,4
1695,1454.2,18,4
1695,1454.2,15,4
4632,1973.9,20,4
1744.6,1600,21,2
627.5,501.8,23,3
1768.2,833,17,4
3567.8,2721,18,3
2352.6,1272.6,17,3
1740.6,1497.4,15,3
1078.4,1012.5,18,3
1185.3,1120.1,22,3
1103.1,486.1,22,4
2646.1,1126,19,4
2363,698,21,5
2363,698,19,5
2023,5574.8,18,4
3474.1,4127.2,23,4
3474.1,4127.2,19,4
2186.9,1961.2,19,3
5299.7,5105.5,19,4
5299.7,5105.5,18,4
3399.8,2586.2,22,4
3399.8,2586.2,19,4
3254.8,2042.8,17,4
3254.8,2042.8,16,4
2328,2023.3,23,2
3627,3840.1,17,5
3627,3840.1,15,5
2415.6,1970,22,3
2415.6,1970,21,3
2378.9,1296.8,17,4
2225.8,2062.7,16,4
1093,970,17,3
1357.9,1392.5,15,4
2769.1,2280.7,15,4
1205.2,1282.3,18,6
1205.2,1282.3,16,6
1150.2,1002,22,2
1600.9,600.2,15,5
2550.8,1883,19,2
2009.9,1579.6,23,3
2009.9,1579.6,22,3
1070.7,614.9,15,4
2362.6,2679,20,4
3086.8,2509,19,3
1184.6,1028,21,1
3438.2,2408,18,3
2494.1,1421.5,23,4
2494.1,1421.5,20,4
2425.9,910,17,4
3030.2,1053,18,5
2397.8,955.3,17,4
1324.4,601,17,4
1255.6,545,20,4
3107.5,1270.6,18,4
1884.8,325,16,3
2467.2,815,17,4
2467.2,815,16,4
1352.7,1090.9,15,2
1220.4,1058.7,20,2
1220.4,1058.7,16,2
2981.8,1937,21,2
3567.3,2453,22,4
3567.3,2453,22,4
3437.7,2860.9,16,4
2095.3,2004.5,23,2
2879,2033.3,21,4
693.5,511.5,22,2
1743.8,1688.9,15,4
1007.9,880.5,18,3
2215.2,1449.3,20,3
3391.6,2884.2,17,4
1448.4,959.4,18,3
2454.5,1741,16,3
2238.2,1678.3,23,4
2235.6,1676.7,16,7
2233.8,1675.6,16,7
2231.1,1674,18,4
2230.3,1673.5,16,4
2229.4,1673,20,4
2227.6,1671.9,16,4
2225.8,1670.9,21,3
2222.3,1668.8,16,4
2218.8,1666.6,16,3
2216.1,1665,18,2
2215.2,1664.5,21,3
2214.4,1664,18,4
2212.6,1662.9,15,4
2211.7,1662.4,20,5
2209.9,1661.3,20,5
2209.1,1660.8,19,5
2206.4,1659.2,21,3
2205.5,1658.7,18,3
2203.8,1657.6,19,1
2202,1656.6,21,4
2201.1,1656,22,5
2197.6,1653.9,22,3
2196.7,1653.4,20,2
2194,1651.8,23,4
2193.2,1651.3,18,3
2189.6,1649.2,18,3
2185.2,1646.5,22,4
2184.3,1646,21,3
2183.4,1645.5,23,3
2182.6,1644.9,16,4
2181.7,1644.4,18,2
2180.8,1643.9,21,3
2179.9,1643.3,20,4
2179,1642.8,18,4
2178.1,1642.3,21,3
2177.3,1641.8,16,4
2173.7,1639.6,19,3
2164,1633.8,23,3
2163.1,1633.3,23,16
2162.2,1632.7,22,16
2161.4,1632.2,19,16
2160.5,1631.7,21,16
2159.6,1631.2,18,16
2158.7,1630.6,22,16
2157.8,1630.1,16,16
2149.9,1625.3,16,4
2140.2,1619.5,21,10
2139.3,1619,19,10
2138.4,1618.5,18,10
2134,1615.8,18,11
2133.1,1615.3,16,11
2126,1611,18,4
2125.1,1610.5,16,4
2124.2,1610,16,3
2121.6,1608.4,23,3
2120.7,1607.9,21,1
2119.8,1607.3,17,3
2118.9,1606.8,17,3
2116.3,1605.2,19,5
2115.4,1604.7,20,4
2114.5,1604.2,16,4
2113.6,1603.6,22,3
2112.8,1603.1,21,3
2111.9,1602.6,21,1
2110.1,1601.5,17,4
2109.2,1601,15,4
2108.3,1600.5,18,3
2105.7,1598.9,15,3
2103,1597.3,15,3
2102.2,1596.7,15,3
2101.3,1596.2,16,3
2100.4,1595.7,18,2
2099.5,1595.2,22,2
2097.7,1594.1,19,3
2096.9,1593.6,15,3
2096,1593,17,8
2090.7,1589.9,15,3
2088,1588.3,20,5
2087.1,1587.7,18,5
2085.4,1586.7,17,3
2082.7,1585.1,17,6
2081.8,1584.6,15,6
2080.1,1583.5,20,4
2079.2,1583,22,5
2078.3,1582.5,21,5
2076.5,1581.4,15,5
2073.9,1579.8,16,4
2073,1579.3,15,4
2070.4,1577.7,18,4
2069.5,1577.2,15,4
2068.6,1576.6,22,4
2067.7,1576.1,18,4
2062.4,1572.9,22,3
2060.6,1571.9,23,4
2059.8,1571.3,19,4
2058.9,1570.8,16,4
2057.1,1569.7,15,5
2054.5,1568.2,19,5
2051.8,1566.6,19,3
2046.5,1563.4,16,6
2042.1,1560.7,18,4
2040.3,1559.7,22,3
2039.4,1559.2,22,2
2038.6,1558.6,19,2
2037.7,1558.1,17,2
2036.8,1557.6,16,3
2035.9,1557,18,5
2035,1556.5,17,5
2034.1,1556,20,2
2030.6,1553.9,17,3
2027.1,1551.7,23,3
2026.2,1551.2,15,2
2024.4,1550.2,22,3
2020.9,1548,20,4
2020,1547.5,19,4
2019.1,1547,20,3
2018.2,1546.5,21,5
2017.4,1545.9,22,3
2014.7,1544.3,21,3
2013.8,1543.8,19,3
2011.2,1542.2,15,3
2009.4,1541.2,15,4
2007.6,1540.1,16,4
2004.1,1538,19,1
2003.2,1537.4,21,4
2001.5,1536.4,16,3
1999.7,1535.3,22,3
1998.8,1534.8,17,3
1997.9,1534.3,23,3
1996.2,1533.2,23,3
1995.3,1532.7,15,2
1994.4,1532.2,20,2
1993.5,1531.6,22,6
1990.9,1530,18,3
1985.6,1526.9,15,3
1984.7,1526.3,23,7
1983.8,1525.8,20,7
1982.9,1525.3,20,7
1982,1524.7,21,4
1981.1,1524.2,21,4
1980.3,1523.7,20,3
1978.5,1522.6,20,1
1977.6,1522.1,19,4
1976.7,1521.6,18,3
1975.8,1521,15,3
1973.2,1519.4,22,3
1972.3,1518.9,23,6
1971.4,1518.4,22,4
1970.5,1517.9,19,4
1967,1515.7,21,5
1965.2,1514.7,15,7
1963.5,1513.6,21,2
1962.6,1513.1,19,2
1961.7,1512.6,15,4
1959.1,1511,19,5
1958.2,1510.4,23,3
1957.3,1509.9,18,3
1956.4,1509.4,20,3
1955.5,1508.9,19,3
1953.8,1507.8,20,4
1952.9,1507.3,17,4
1952,1506.7,19,3
1951.1,1506.2,17,5
1948.5,1504.6,17,3
1947.6,1504.1,17,3
1946.7,1503.6,18,3
1945.8,1503,21,2
1944.9,1502.5,22,4
1941.4,1500.4,22,4
1940.5,1499.9,19,4
1936.1,1497.2,16,3
1933.4,1495.6,17,4
1930.8,1494,17,3
1929,1493,17,5
1928.1,1492.4,15,5
1924.6,1490.3,21,6
1923.7,1489.8,21,6
1922.8,1489.3,19,3
1916.6,1485.6,17,4
1914.9,1484.5,15,4
1914,1484,22,4
1913.1,1483.4,16,4
1908.7,1480.8,20,4
1907.8,1480.3,16,4
1906.9,1479.7,21,3
1906,1479.2,22,4
1900.7,1476,18,4
1899.9,1475.5,15,4
1899,1475,21,1
1898.1,1474.4,22,3
1897.2,1473.9,21,3
1895.4,1472.9,19,3
1894.6,1472.3,22,1
1889.3,1469.2,21,6
1888.4,1468.6,19,6
1887.5,1468.1,22,1
1886.6,1467.6,23,4
1885.7,1467,20,4
1884.8,1466.5,20,2
1883.1,1465.4,22,4
1882.2,1464.9,18,4
1881.3,1464.4,21,1
1880.4,1463.9,23,3
1879.5,1463.3,22,3
1878.7,1462.8,21,2
1875.1,1460.7,20,3
1874.2,1460.2,21,5
1870.7,1458,19,5
1868.1,1456.4,19,2
1867.2,1455.9,17,2
1863.6,1453.8,20,4
1862.8,1453.3,21,4
1858.3,1450.6,17,4
1856.6,1449.6,23,4
1855.7,1449,19,4
1854.8,1448.5,19,4
1852.2,1446.9,23,3
1851.3,1446.4,20,3
1850.4,1445.9,23,4
1849.5,1445.3,23,5
1848.6,1444.8,21,5
1847.7,1444.3,20,5
1846.9,1443.7,23,4
1846,1443.2,21,4
1843.3,1441.6,19,6
1842.4,1441.1,17,6
1839.8,1439.5,22,4
1838.9,1439,23,4
1831,1434.2,16,4
1828.3,1432.6,17,4
1826.5,1431.6,17,3
1824.8,1430.5,20,3
1823,1429.4,18,3
1822.1,1428.9,21,4
1819.5,1427.3,20,4
1817.7,1426.3,16,4
1815.9,1425.2,22,2
1814.2,1424.1,20,3
1813.3,1423.6,15,2
1812.4,1423.1,22,6
1811.5,1422.6,21,6
1810.6,1422,16,6
1808.9,1421,21,3
1808,1420.4,22,4
1807.1,1419.9,20,5
1805.3,1418.9,17,3
1803.6,1417.8,23,2
1802.7,1417.3,18,3
1801.8,1416.7,23,4
1797.4,1414.1,22,4
1796.5,1413.6,17,5
1795.6,1413,17,5
1794.7,1412.5,20,5
1792.1,1410.9,20,5
1791.2,1410.4,17,4
1789.4,1409.3,17,5
1786.8,1407.7,18,4
1785.9,1407.2,15,2
1785,1406.7,18,3
1782.4,1405.1,21,4
1781.5,1404.6,17,4
1780.6,1404,15,3
1777.1,1401.9,23,4
1776.2,1401.4,20,4
1774.4,1400.3,23,4
1773.5,1399.8,22,4
1772.7,1399.3,18,3
1770.9,1398.2,20,1
1767.4,1396.1,21,3
1766.5,1395.6,23,4
1765.6,1395,22,4
1764.7,1394.5,16,3
1763.8,1394,18,5
1762.1,1392.9,19,4
1761.2,1392.4,19,2
1756.8,1389.7,20,2
1755.9,1389.2,17,4
1755,1388.7,21,4
1754.1,1388.1,18,4
1753.2,1387.6,20,5
1752.3,1387.1,15,5
1748.8,1385,17,4
1747,1383.9,22,3
1746.2,1383.4,23,4
1740.9,1380.2,22,2
1740,1379.7,18,4
1739.1,1379.1,21,4
1738.2,1378.6,16,3
1737.3,1378.1,20,7
1736.4,1377.6,17,7
1735.6,1377,16,7
1734.7,1376.5,20,4
1729.4,1373.3,22,5
1726.7,1371.7,15,4
1723.2,1369.6,20,3
1719.6,1367.5,23,4
1718.8,1367,21,4
1717.9,1366.4,18,4
1717,1365.9,15,5
1714.3,1364.3,16,4
1708.2,1360.6,16,3
1707.3,1360.1,19,4
1706.4,1359.6,22,4
1705.5,1359,15,4
1703.7,1358,16,3
1702.9,1357.4,20,1
1702,1356.9,17,2
1701.1,1356.4,15,4
1698.4,1354.8,19,4
1697.6,1354.3,21,4
1696.7,1353.7,23,2
1694.9,1352.7,19,3
1692.3,1351.1,18,7
1691.4,1350.6,16,7
1687.8,1348.4,23,9
1683.4,1345.8,22,3
1681.7,1344.7,20,4
1679,1343.1,16,4
1677.2,1342.1,17,4
1675.5,1341,16,3
1674.6,1340.5,22,9
1673.7,1340,23,9
1672.8,1339.4,19,9
1665.8,1335.2,23,2
1664.9,1334.7,19,3
1664,1334.1,16,4
1662.2,1333.1,22,3
1661.3,1332.6,17,4
1659.6,1331.5,16,3
1658.7,1331,16,3
1657.8,1330.4,18,4
1649,1325.1,21,4
1648.1,1324.6,16,4
1647.2,1324.1,20,5
1646.3,1323.6,15,5
1644.6,1322.5,21,5
1643.7,1322,15,5
1641,1320.4,21,6
1640.1,1319.8,20,6
1638.4,1318.8,16,4
1636.6,1317.7,22,4
1635.7,1317.2,22,4
1634,1316.1,22,8
1627.8,1312.4,17,3
1626.9,1311.9,23,2
1624.2,1310.3,18,4
1623.4,1309.8,16,4
1620.7,1308.2,15,6
1618.9,1307.1,18,4
1618.1,1306.6,16,7
1613.6,1304,21,6
1612.8,1303.4,18,6
1607.5,1300.3,17,4
1605.7,1299.2,21,5
1604.8,1298.7,21,1
1603.9,1298.1,19,3
1603,1297.6,19,3
1602.2,1297.1,16,3
1600.4,1296,19,4
1599.5,1295.5,16,4
1596.9,1293.9,21,3
1593.3,1291.8,15,3
1592.4,1291.3,22,3
1588.9,1289.1,22,3
1588,1288.6,15,3
1586.3,1287.6,21,4
1585.4,1287,19,4
1584.5,1286.5,15,3
1583.6,1286,20,3
1581.8,1284.9,19,4
1581,1284.4,23,7
1580.1,1283.8,22,7
1577.4,1282.3,21,6
1576.5,1281.7,20,6
1575.7,1281.2,22,2
1574.8,1280.7,23,1
1573,1279.6,23,4
1572.1,1279.1,23,4
1569.5,1277.5,21,4
1567.7,1276.4,22,3
1561.5,1272.7,23,6
1560.6,1272.2,21,4
1555.3,1269,17,3
1552.7,1267.4,22,4
1551.8,1266.9,19,4
1550.9,1266.4,17,4
1550,1265.8,22,4
1549.2,1265.3,16,4
1545.6,1263.2,18,3
1544.7,1262.7,16,4
1543.9,1262.1,15,4
1543,1261.6,17,4
1541.2,1260.6,16,4
1539.4,1259.5,18,4
1538.6,1259,20,4
1537.7,1258.4,23,3
1536.8,1257.9,19,4
1535.9,1257.4,20,4
1534.1,1256.3,21,4
1533.3,1255.8,21,1
1532.4,1255.3,18,3
1528.8,1253.1,19,4
1527.9,1252.6,15,4
1526.2,1251.6,16,4
1520.9,1248.4,19,4
1520,1247.8,19,6
1518.2,1246.8,19,3
1515.6,1245.2,15,5
1512.9,1243.6,19,5
1512,1243.1,17,4
1510.3,1242,16,4
1506.7,1239.9,18,3
1505.9,1239.4,23,1
1505,1238.8,22,2
1501.4,1236.7,16,6
1500.6,1236.2,15,6
1494.4,1232.5,15,4
1493.5,1232,21,2
1491.7,1230.9,15,5
1490.8,1230.4,20,3
1490,1229.8,23,2
1489.1,1229.3,15,3
1488.2,1228.8,16,3
1487.3,1228.3,16,3
1486.4,1227.7,16,3
1485.5,1227.2,16,3
1481.1,1224.5,17,4
1479.4,1223.5,20,4
1478.5,1223,17,4
1475.8,1221.4,16,4
1473.2,1219.8,21,6
1472.3,1219.3,22,3
1471.4,1218.7,15,3
1468.8,1217.1,20,5
1467.9,1216.6,17,5
1466.1,1215.5,16,2
1465.2,1215,15,5
1463.5,1214,19,3
1462.6,1213.4,23,3
1461.7,1212.9,23,1
1459.9,1211.8,20,3
1459,1211.3,23,4
1457.3,1210.3,15,4
1454.6,1208.7,15,4
1451.1,1206.5,23,5
1450.2,1206,19,5
1449.3,1205.5,21,2
1446.7,1203.9,19,5
1445.8,1203.4,17,5
1444,1202.3,15,3
1443.1,1201.8,21,5
1442.3,1201.3,19,5
1441.4,1200.7,21,4
1440.5,1200.2,16,4
1439.6,1199.7,23,4
1438.7,1199.1,21,4
1437.8,1198.6,21,1
1437,1198.1,23,2
1435.2,1197,23,4
1434.3,1196.5,19,4
1433.4,1196,21,3
1429.9,1193.8,18,5
1424.6,1190.7,19,3
1423.7,1190.1,23,3
1417.5,1186.4,22,4
1416.6,1185.9,22,3
1415.8,1185.4,20,3
1412.2,1183.3,16,3
1410.5,1182.2,20,3
1409.6,1181.7,21,3
1408.7,1181.1,20,3
1407.8,1180.6,22,4
1406.9,1180.1,23,4
1406,1179.5,17,4
1402.5,1177.4,21,2
1401.6,1176.9,15,4
1399,1175.3,18,3
1397.2,1174.3,15,9
1395.4,1173.2,22,4
1394.6,1172.7,16,4
1392.8,1171.6,18,6
1391.9,1171.1,22,3
1389.3,1169.5,21,3
1388.4,1169,19,3
1387.5,1168.4,22,4
1386.6,1167.9,19,4
1385.7,1167.4,17,4
1384.8,1166.8,15,4
1384,1166.3,16,5
1383.1,1165.8,18,3
1380.4,1164.2,19,4
1379.5,1163.7,22,3
1378.7,1163.1,21,3
1377.8,1162.6,21,3
1376,1161.5,22,4
1375.1,1161,23,4
1374.2,1160.5,23,5
1373.4,1160,21,5
1372.5,1159.4,17,1
1371.6,1158.9,21,4
1369.8,1157.8,23,1
1368.9,1157.3,18,6
1368.1,1156.8,15,6
1364.5,1154.7,23,2
1363.6,1154.1,23,2
1362.8,1153.6,23,3
1361.9,1153.1,16,5
1360.1,1152,17,3
1358.3,1151,23,1
1353.9,1148.3,17,5
1349.5,1145.7,15,2
1348.6,1145.1,18,4
1346.9,1144.1,21,6
1346,1143.5,19,6
1340.7,1140.4,15,5
1338.9,1139.3,23,6
1338,1138.8,19,6
1337.1,1138.3,18,6
1336.3,1137.7,17,6
1334.5,1136.7,15,6
1331,1134.5,17,5
1330.1,1134,16,5
1328.3,1133,21,4
1327.4,1132.4,18,5
1325.6,1131.4,15,4
1322.1,1129.2,19,4
1321.2,1128.7,17,4
1320.3,1128.2,17,4
1313.3,1124,19,4
1312.4,1123.4,15,4
1311.5,1122.9,19,3
1310.6,1122.4,23,3
1305.3,1119.2,15,4
1302.7,1117.6,15,5
1300,1116,22,3
1299.1,1115.5,15,3
1298.3,1115,20,8
1297.4,1114.4,22,8
1296.5,1113.9,15,8
1293.8,1112.3,21,5
1291.2,1110.7,22,4
1289.4,1109.7,22,3
1287.7,1108.6,21,3
1286.8,1108.1,19,3
1285.9,1107.5,22,4
1285,1107,20,4
1284.1,1106.5,23,4
1283.2,1106,23,4
1282.4,1105.4,20,4
1281.5,1104.9,19,4
1280.6,1104.4,15,4
1277.9,1102.8,18,6
1277.1,1102.2,16,6
1271.8,1099.1,17,3
1270.9,1098.5,20,2
1268.2,1097,23,5
1267.3,1096.4,20,5
1266.5,1095.9,15,4
1258.5,1091.1,19,5
1257.6,1090.6,17,5
1256.7,1090.1,15,5
1252.3,1087.4,22,3
1251.4,1086.9,17,3
1247.9,1084.8,16,2
1247,1084.2,18,5
1246.1,1083.7,17,5
1244.4,1082.7,17,4
1240.8,1080.5,21,6
1240,1080,17,6
1235.5,1077.4,16,6
1233.8,1076.3,17,2
1231.1,1074.7,20,3
1228.5,1073.1,18,1
1224.9,1071,20,5
1224.1,1070.5,20,5
1223.2,1070,23,2
1221.4,1068.9,17,3
1220.5,1068.4,21,3
1219.6,1067.8,22,3
1218.8,1067.3,23,4
1217.9,1066.8,18,4
1217,1066.2,20,4
1216.1,1065.7,19,4
1214.3,1064.7,19,3
1212.6,1063.6,20,3
1211.7,1063.1,23,4
1210.8,1062.5,18,4
1209.9,1062,17,4
1207.3,1060.4,17,6
1202,1057.2,21,3
1201.1,1056.7,23,5
1199.3,1055.7,16,5
1198.4,1055.1,20,5
1197.6,1054.6,17,5
1196.7,1054.1,23,5
1195.8,1053.5,20,5
1194.9,1053,18,5
1192.3,1051.4,18,3
1191.4,1050.9,22,3
1190.5,1050.4,23,4
1187.8,1048.8,19,2
1187,1048.2,17,2
1186.1,1047.7,20,3
1185.2,1047.2,17,4
1183.4,1046.1,20,4
1182.5,1045.6,18,4
1181.7,1045.1,16,4
1180.8,1044.5,20,3
1179.9,1044,19,3
1179,1043.5,21,3
1178.1,1043,22,5
1173.7,1040.3,20,3
1171.1,1038.7,19,5
1170.2,1038.2,18,5
1169.3,1037.7,16,5
1165.8,1035.5,18,3
1164.9,1035,19,4
1164,1034.5,18,4
1163.1,1033.9,18,4
1162.2,1033.4,16,4
1161.3,1032.9,21,2
1159.6,1031.8,17,3
1158.7,1031.3,16,4
1156.9,1030.2,16,3
1156,1029.7,23,5
1155.2,1029.2,20,5
1152.5,1027.6,23,3
1151.6,1027.1,23,3
1150.7,1026.5,20,3
1149,1025.5,20,2
1146.3,1023.9,15,4
1144.6,1022.8,19,4
1141,1020.7,15,4
1139.3,1019.7,18,4
1138.4,1019.1,21,3
1137.5,1018.6,17,3
1134,1016.5,23,4
1133.1,1015.9,23,4
1131.3,1014.9,16,3
1128.7,1013.3,20,4
1127.8,1012.8,19,4
1126.9,1012.2,23,3
1126,1011.7,18,3
1125.1,1011.2,16,3
1124.2,1010.7,22,4
1123.3,1010.1,19,4
1122.5,1009.6,18,3
1121.6,1009.1,21,6
1120.7,1008.5,19,6
1119.8,1008,18,6
1118.9,1007.5,17,6
1118,1006.9,16,4
1113.6,1004.3,22,4
1112.7,1003.8,19,4
1111,1002.7,20,5
1110.1,1002.2,17,5
1109.2,1001.7,15,5
1104.8,999,20,4
1103.9,998.5,16,4
1103,997.9,18,6
1095.1,993.2,20,3
1094.2,992.7,18,4
1093.3,992.1,15,4
1092.4,991.6,19,5
1091.5,991.1,23,5
1090.7,990.5,23,5
1089.8,990,18,7
1088.9,989.5,17,10
1088,988.9,15,10
1081.8,985.2,17,3
1079.2,983.7,21,5
1078.3,983.1,20,7
1077.4,982.6,17,7
1076.5,982.1,15,7
1074.8,981,17,5
1073.9,980.5,15,5
1072.1,979.4,23,4
1071.2,978.9,17,4
1069.5,977.8,23,4
1068.6,977.3,19,4
1067.7,976.8,23,1
1065.9,975.7,16,3
1065,975.2,23,3
1064.2,974.7,20,3
1062.4,973.6,23,4
1061.5,973.1,16,2
1058.9,971.5,17,4
1058,970.9,15,4
1053.6,968.3,18,4
1052.7,967.8,16,4
1051.8,967.2,19,5
1047.4,964.6,21,3
1046.5,964.1,18,2
1045.6,963.5,16,3
1044.7,963,15,3
1043.8,962.5,21,1
1043,961.9,20,1
1042.1,961.4,23,2
1041.2,960.9,20,1
1040.3,960.4,23,1
1039.4,959.8,15,5
1036.8,958.2,23,1
1035.9,957.7,22,4
1034.1,956.7,20,4
1032.4,955.6,15,3
1030.6,954.5,17,3
1029.7,954,20,1
1028.8,953.5,16,4
1024.4,950.8,17,4
1021.8,949.2,17,2
1020.9,948.7,17,1
1019.1,947.7,20,4
1014.7,945,22,2
1012.9,943.9,20,4
1009.4,941.8,15,4
1008.5,941.3,16,4
1005.9,939.7,17,5
1003.2,938.1,23,2
999.7,936,21,3
998.8,935.5,18,1
997.9,934.9,23,1
997,934.4,22,1
993.5,932.3,20,6
992.6,931.8,19,6
991.7,931.2,17,4
990.8,930.7,18,4
990,930.2,16,3
989.1,929.6,15,3
982.9,925.9,22,3
982,925.4,17,3
981.1,924.9,16,3
980.2,924.4,15,3
979.4,923.8,17,4
978.5,923.3,15,4
975.8,921.7,17,3
974.9,921.2,20,3
974.1,920.6,23,4
973.2,920.1,21,4
972.3,919.6,20,3
967,916.4,21,4
961.7,913.2,15,6
958.2,911.1,22,4
957.3,910.6,19,3
956.4,910.1,16,2
953.7,908.5,20,4
952.9,907.9,23,4
952,907.4,18,3
950.2,906.4,22,4
948.4,905.3,23,3
947.6,904.8,19,1
946.7,904.2,20,2
945.8,903.7,23,3
944.9,903.2,19,5
944,902.6,18,5
943.1,902.1,21,2
942.3,901.6,21,2
941.4,901.1,16,3
940.5,900.5,18,4
939.6,900,17,3
938.7,899.5,16,3
937.8,898.9,22,2
934.3,896.8,22,2
933.4,896.3,23,5
932.5,895.8,20,3
930.8,894.7,20,3
926.4,892.1,22,4
925.5,891.5,23,2
924.6,891,23,5
922.8,889.9,18,4
921,888.9,23,4
920.2,888.4,22,2
919.3,887.8,21,2
918.4,887.3,19,4
917.5,886.8,15,4
916.6,886.2,23,2
915.7,885.7,22,2
914.9,885.2,22,5
914,884.6,23,3
911.3,883.1,15,5
909.6,882,20,5
908.7,881.5,19,5
907.8,880.9,21,1
906,879.9,15,3
905.1,879.4,23,4
903.4,878.3,23,5
902.5,877.8,21,5
900.7,876.7,21,3
899,875.6,17,3
898.1,875.1,22,5
896.3,874.1,23,5
894.5,873,19,4
892.8,871.9,15,3
891.9,871.4,21,3
891,870.9,20,4
890.1,870.4,20,4
884.8,867.2,22,5
883.1,866.1,21,4
880.4,864.5,18,3
878.6,863.5,20,3
877.8,862.9,21,4
876.9,862.4,20,3
866.3,856.1,22,1
865.4,855.5,19,3
863.6,854.5,18,4
862.7,853.9,16,4
861.9,853.4,15,4
859.2,851.8,23,3
858.3,851.3,19,6
857.4,850.8,18,6
856.6,850.2,22,6
855.7,849.7,22,5
853.9,848.6,21,3
852.1,847.6,23,6
850.4,846.5,22,3
848.6,845.5,20,2
847.7,844.9,21,4
846.8,844.4,19,4
846,843.9,18,4
845.1,843.4,17,4
843.3,842.3,18,3
841.5,841.2,23,5
840.7,840.7,19,5
838.9,839.6,21,3
838,839.1,19,1
837.1,838.6,22,3
836.2,838.1,21,4
835.4,837.5,18,4
834.5,837,17,2
833.6,836.5,20,4
829.2,833.8,18,3
828.3,833.3,22,7
824.8,831.2,19,3
823.9,830.6,21,3
823,830.1,17,3
822.1,829.6,22,3
821.2,829.1,20,3
819.5,828,19,4
818.6,827.5,16,4
817.7,826.9,18,3
816.8,826.4,21,3
815.9,825.9,23,3
815,825.3,21,3
814.2,824.8,17,3
813.3,824.3,21,4
810.6,822.7,23,3
809.7,822.2,16,3
808,821.1,20,4
807.1,820.6,18,4
805.3,819.5,19,4
804.4,819,15,4
803.6,818.5,20,3
802.7,817.9,16,6
799.1,815.8,21,6
798.3,815.3,18,6
797.4,814.8,15,6
795.6,813.7,21,5
794.7,813.2,20,5
790.3,810.5,23,2
789.4,810,22,2
788.5,809.5,18,3
787.7,808.9,18,3
785.9,807.9,19,4
785,807.3,18,4
784.1,806.8,23,4
780.6,804.7,22,2
779.7,804.2,23,3
777.1,802.6,19,3
775.3,801.5,21,5
774.4,801,17,5
773.5,800.5,16,5
772.6,799.9,18,3
766.5,796.2,17,4
762.9,794.1,15,3
762,793.6,22,5
761.2,793.1,17,5
760.3,792.5,17,4
759.4,792,16,3
756.7,790.4,17,5
750.6,786.7,19,4
749.7,786.2,23,3
745.3,783.5,18,5
744.4,783,15,5
740,780.3,23,2
738.2,779.3,19,3
737.3,778.8,17,3
735.5,777.7,21,2
732,775.6,16,4
730.2,774.5,19,3
729.4,774,18,3
728.5,773.5,16,3
727.6,772.9,16,11
720.5,768.7,18,4
716.1,766.1,19,4
714.3,765,20,3
713.4,764.5,18,3
712.6,763.9,22,3
711.7,763.4,23,4
705.5,759.7,19,4
704.6,759.2,23,3
702.8,758.1,17,3
702,757.6,20,2
697.5,754.9,19,7
693.1,752.3,15,7
686.1,748.1,18,4
684.3,747,20,3
681.6,745.4,19,3
680.8,744.9,19,2
673.7,740.6,18,7
672.8,740.1,16,7
667.5,736.9,18,4
662.2,733.8,15,3
654.3,729,18,4
651.6,727.4,22,5
650.7,726.9,23,5
649.8,726.3,15,4
648.1,725.3,23,4
647.2,724.8,22,10
646.3,724.2,20,10
643.7,722.6,19,10
642.8,722.1,19,2
641.9,721.6,22,3
641,721,16,4
639.2,720,16,1
638.4,719.5,17,4
633.9,716.8,20,6
633.1,716.3,19,6
630.4,714.7,22,4
629.5,714.2,20,4
627.8,713.1,22,3
626.9,712.6,20,3
623.3,710.5,20,2
619.8,708.3,19,3
618.9,707.8,22,3
618,707.3,18,3
617.2,706.8,23,3
616.3,706.2,18,3
615.4,705.7,15,3
614.5,705.2,15,3
613.6,704.6,17,3
612.7,704.1,23,4
611.9,703.6,21,4
611,703,20,3
608.3,701.5,23,7
607.4,700.9,18,7
605.7,699.9,18,4
603.9,698.8,21,4
603,698.3,17,5
595.1,693.5,20,3
594.2,693,15,3
593.3,692.5,20,3
592.4,691.9,23,2
591.5,691.4,20,4
590.7,690.9,19,4
589.8,690.3,20,4
588.9,689.8,17,2
588,689.3,17,2
587.1,688.8,22,3
586.2,688.2,21,3
585.4,687.7,15,2
584.5,687.2,19,2
581.8,685.6,17,2
580.9,685,23,2
580.1,684.5,16,3
579.2,684,22,3
578.3,683.5,21,2
575.6,681.9,23,3
572.1,679.8,16,5
567.7,677.1,18,8
566.8,676.6,15,8
562.4,673.9,20,4
560.6,672.9,22,3
558.9,671.8,19,4
557.1,670.8,15,4
555.3,669.7,22,3
554.4,669.2,23,3
553.6,668.6,23,4
552.7,668.1,21,4
548.3,665.5,21,4
547.4,664.9,19,4
544.7,663.3,21,3
543,662.3,16,6
539.4,660.2,15,6
532.4,655.9,20,3
531.5,655.4,15,3
530.6,654.9,19,4
529.7,654.3,17,4
528.8,653.8,22,3
527.1,652.8,18,3
526.2,652.2,19,3
525.3,651.7,15,3
522.6,650.1,18,4
521.8,649.6,17,4
520.9,649,22,6
520,648.5,20,6
519.1,648,19,6
517.3,646.9,19,3
516.4,646.4,17,3
514.7,645.3,20,3
513.8,644.8,23,4
512.9,644.3,21,4
512,643.8,19,3
511.1,643.2,17,3
510.3,642.7,18,3
509.4,642.2,23,13
504.1,639,16,3
501.4,637.4,23,4
500.5,636.9,18,4
499.7,636.3,22,3
498.8,635.8,21,2
497.9,635.3,15,3
497,634.8,21,4
496.1,634.2,19,4
495.2,633.7,21,4
494.4,633.2,20,4
493.5,632.6,18,5
492.6,632.1,16,5
490.8,631,19,4
489.9,630.5,18,4
488.2,629.5,22,3
487.3,628.9,20,4
486.4,628.4,18,4
485.5,627.9,23,12
484.6,627.3,21,12
480.2,624.7,20,2
479.3,624.2,22,5
478.5,623.6,20,3
471.4,619.4,21,3
470.5,618.9,19,3
468.7,617.8,23,4
467.9,617.3,16,3
467,616.7,18,3
466.1,616.2,23,5
465.2,615.7,20,4
458.1,611.5,17,5
457.3,610.9,15,5
454.6,609.3,20,1
452,607.7,18,3
451.1,607.2,18,5
448.4,605.6,21,5
447.5,605.1,16,4
441.4,601.4,22,2
440.5,600.9,15,4
438.7,599.8,22,4
437.8,599.3,20,4
435.2,597.7,21,4
434.3,597.2,19,4
433.4,596.6,22,3
431.6,595.6,20,3
429.9,594.5,18,2
429,594,15,4
427.2,592.9,21,5
426.3,592.4,19,5
425.5,591.9,16,3
422.8,590.3,17,4
421.9,589.7,15,4
421,589.2,15,4
419.3,588.2,23,1
417.5,587.1,21,4
415.7,586,23,3
413.1,584.5,22,3
412.2,583.9,21,3
410.4,582.9,18,4
408.7,581.8,16,5
406.9,580.7,22,3
405.1,579.7,22,3
404.3,579.2,16,3
402.5,578.1,19,4
401.6,577.6,15,4
400.7,577,22,4
399.8,576.5,19,3
399,576,17,3
394.5,573.3,21,5
393.7,572.8,16,3
391.9,571.7,23,5
391,571.2,21,5
390.1,570.7,22,5
389.2,570.2,21,4
388.4,569.6,17,4
387.5,569.1,15,7
383.1,566.5,16,4
382.2,565.9,23,4
381.3,565.4,18,4
379.5,564.3,17,3
377.8,563.3,16,5
375.1,561.7,17,4
371.6,559.6,21,2
368.9,558,17,4
366.3,556.4,16,3
363.6,554.8,21,6
362.7,554.3,20,6
361.9,553.7,19,5
361,553.2,15,5
359.2,552.2,22,3
358.3,551.6,19,3
353,548.5,16,4
351.3,547.4,19,3
350.4,546.9,15,4
349.5,546.3,21,4
348.6,545.8,21,5
347.7,545.3,19,5
346.8,544.7,18,4
346,544.2,23,4
344.2,543.2,15,5
338.9,540,23,3
334.5,537.3,23,3
333.6,536.8,22,6
332.7,536.3,16,6
331.8,535.7,18,6
329.2,534.2,19,4
327.4,533.1,17,3
321.2,529.4,21,2
320.3,528.9,23,2
318.6,527.8,17,4
316.8,526.7,18,6
315.9,526.2,16,6
315,525.7,17,4
314.1,525.2,17,4
313.3,524.6,23,7
309.7,522.5,23,3
304.4,519.3,23,3
303.5,518.8,23,4
302.7,518.3,21,4
301.8,517.7,21,6
299.1,516.2,23,4
298.2,515.6,22,2
296.5,514.6,20,4
295.6,514,16,4
294.7,513.5,23,4
293.8,513,20,4
292.9,512.4,16,5
284.1,507.2,20,4
283.2,506.6,18,4
282.3,506.1,23,3
281.5,505.6,22,3
278.8,504,18,3
273.5,500.8,17,3
272.6,500.3,16,5
270,498.7,22,3
268.2,497.6,20,4
262.9,494.4,17,3
259.4,492.3,21,6
